{
 "墨田区横網二丁目1番11号": [
  35.700493,
  139.794312
 ],
 "墨田区江東橋4-23-15": [
  35.694927,
  139.817917
 ],
 "江戸川区北葛西四丁目3番1号": [
  35.672161,
  139.861069
 ],
 "江戸川区東小岩二丁目24番18号": [
  35.728741,
  139.893112
 ],
 "江戸川区臨海町一丁目4番2号": [
  35.651829,
  139.852676
 ],
 "荒川区東日暮里五丁目45番7号": [
  35.728188,
  139.774323
 ],
 "葛飾区亀有五丁目14番1号": [
  35.767075,
  139.84465
 ],
 "葛飾区立石五丁目1番9号": [
  35.742363,
  139.842041
 ],
 "葛飾区西新小岩四丁目18番1号": [
  35.718845,
  139.85257
 ],
 "葛飾区青戸六丁目41番2号": [
  35.752235,
  139.857986
 ],
 "足立区千住三丁目58番地4": [
  35.752232,
  139.803833
 ],
 "足立区江北四丁目33番1号": [
  35.773937,
  139.765991
 ],
 "足立区竹の塚三丁目12番11号": [
  35.790874,
  139.798737
 ],
 "足立区鹿浜五丁目11番1号": [
  35.784794,
  139.749832
 ]
}