{
 "墨田区横網二丁目1番11号": [
  35.700493,
  139.794312
 ],
 "墨田区江東橋4-23-15": [
  35.694927,
  139.817917
 ],
 "江戸川区北葛西四丁目3番1号": [
  35.672161,
  139.861069
 ],
 "江戸川区東小岩二丁目24番18号": [
  35.728741,
  139.893112
 ],
 "江戸川区臨海町一丁目4番2号": [
  35.651829,
  139.852676
 ],
 "荒川区東日暮里五丁目45番7号": [
  35.728188,
  139.774323
 ],
 "葛飾区亀有五丁目14番1号": [
  35.767075,
  139.84465
 ],
 "葛飾区立石五丁目1番9号": [
  35.742363,
  139.842041
 ],
 "葛飾区西新小岩四丁目18番1号": [
  35.718845,
  139.85257
 ],
 "葛飾区青戸六丁目41番2号": [
  35.752235,
  139.857986
 ],
 "足立区千住三丁目58番地4": [
  35.752232,
  139.803833
 ],
 "足立区江北四丁目33番1号": [
  35.773937,
  139.765991
 ],
 "足立区竹の塚三丁目12番11号": [
  35.790874,
  139.798737
 ],
 "足立区鹿浜五丁目11番1号": [
  35.784794,
  139.749832
 ],
 "東京都足立区谷中3丁目17番8号": [
  35.780964,
  139.835251
 ],
 "東京都足立区舎人1-11-17-2F": [
  35.808273,
  139.770569
 ],
 "東京都江戸川区東小松川2-7-1": [
  35.697922,
  139.864075
 ],
 "東京都足立区竹の塚2-20-8竹の塚メディカルビル3F": [
  35.791477,
  139.796432
 ],
 "東京都葛飾区堀切3-7-5斉藤ビル1F": [
  35.74741,
  139.827118
 ],
 "東京都江戸川区瑞江2-3-1瑞江駅前ビル3F": [
  35.692806,
  139.898087
 ],
 "東京都江戸川区西小岩1-23-2サンハイツグリーンヒル3F": [
  35.733013,
  139.880707
 ],
 "東京都葛飾区亀有3-7-7サンセリテ鞠子3F3号室": [
  35.765789,
  139.84726
 ],
 "東京都足立区梅島1-13-18原田ビル1F": [
  35.772842,
  139.79863
 ],
 "東京都江戸川区北小岩2丁目7番号ラナイプラザファーストステージ1階B区画": [
  35.741657,
  139.882858
 ],
 "東京都葛飾区東金町1-23-2澁澤金町ビル4F": [
  35.769966,
  139.870132
 ],
 "東京都江戸川区瑞江4-20-13-2F": [
  35.691692,
  139.89386
 ],
 "東京都葛飾区立石5-7-3": [
  35.741817,
  139.842102
 ],
 "東京都足立区千住2-4オカバツインタワービルイースト8F": [
  35.750744,
  139.800232
 ],
 "東京都江戸川区西小岩1-30-16三幸ビル4F": [
  35.735909,
  139.88475
 ],
 "東京都江戸川区東小岩2-6-1": [
  35.727261,
  139.891754
 ],
 "東京都足立区竹の塚5-11-8": [
  35.794594,
  139.797241
 ],
 "東京都葛飾区柴又6-23-241階": [
  35.756493,
  139.880402
 ],
 "東京都葛飾区東四つ木4-45-16": [
  35.734081,
  139.842346
 ],
 "東京都葛飾区東金町1-22-7磯貝ビル3F302": [
  35.769833,
  139.869583
 ],
 "東京都江戸川区臨海町3ー6-31階": [
  35.647087,
  139.870071
 ],
 "東京都葛飾区東金町1-15-5": [
  35.771564,
  139.868103
 ],
 "東京都江戸川区南葛西3-24-12": [
  35.650154,
  139.871506
 ],
 "東京都葛飾区東堀切3-19-8": [
  35.75449,
  139.837799
 ],
 "東京都足立区千住3-58-4": [
  35.752232,
  139.803833
 ],
 "東京都足立区綾瀬1-33-14": [
  35.761139,
  139.823166
 ],
 "東京都葛飾区高砂2-30-21": [
  35.746738,
  139.866592
 ],
 "東京都足立区竹の塚6-11-1T・キューブ1FA2・B号室": [
  35.794262,
  139.794296
 ],
 "東京都江戸川区東葛西6-1-28武企画ビルIII1F101号室": [
  35.660431,
  139.873596
 ],
 "東京都江戸川区東瑞江1-38-2": [
  35.690277,
  139.899048
 ],
 "東京都葛飾区四つ木1-47-12ハルメディカルビル": [
  35.735668,
  139.839493
 ],
 "東京都江戸川区中央3-20-10": [
  35.712536,
  139.874237
 ],
 "東京都足立区西新井7-8-111F": [
  35.779667,
  139.773148
 ],
 "東京都江戸川区興宮町16-13": [
  35.724709,
  139.87439
 ],
 "東京都足立区島根1-13-14": [
  35.780987,
  139.799088
 ],
 "東京都足立区西綾瀬2-23-8寿グランドマンション103": [
  35.765556,
  139.810593
 ],
 "東京都江戸川区西小岩1-21-23ゆいビル": [
  35.733768,
  139.880524
 ],
 "東京都足立区綾瀬2-33-2アヤセメディカルモール1F": [
  35.760906,
  139.829254
 ],
 "東京都足立区西新井本町5-7-14E.M.Sビル1~3階": [
  35.7757,
  139.781723
 ],
 "東京都江戸川区北葛西四丁目3-7": [
  35.672764,
  139.861755
 ],
 "東京都足立区六木1-4-14": [
  35.789509,
  139.838043
 ],
 "東京都葛飾区堀切2-66-17": [
  35.744816,
  139.831589
 ],
 "東京都足立区南花畑5-17-1": [
  35.797905,
  139.810715
 ],
 "東京都足立区東伊興3-21-3": [
  35.803349,
  139.791962
 ]
}